{
  "files": {
    "ioBroker.acaad/.eslintrc.js": "be033ebe9d866d6495135ba327320946d77751bb",
    "ioBroker.acaad/.gitignore": "c6980038b8cde92bcba8a04cb11b1c14a4b372df",
    "ioBroker.acaad/.rush/temp/shrinkwrap-deps.json": "68cd125846f37aab0f9f531fe173a3e3b82ee852",
    "ioBroker.acaad/config/heft.json": "1a90c6eb22e7e3a4243526d8683684328e469068",
    "ioBroker.acaad/package.json": "e70101d8150eb943b0896d6e246236a57db2be19",
    "ioBroker.acaad/src/lib/adapter-config.d.ts": "97a3ed2c266bb985f85843fbe792f082d79739ea",
    "ioBroker.acaad/src/lib/types.d.ts": "4d4c9183886f64e016252d82562c6f55113eb772",
    "ioBroker.acaad/src/main.ts": "4986d4a740a44c2dde48772605fc93af572c4909",
    "ioBroker.acaad/src/services/IoBroker.ConnectedServiceAdapter.ts": "ea3f2e9a298e5a4155d0e887a123cd8689646940",
    "ioBroker.acaad/src/services/IoBroker.Constants.ts": "18294b30548e7d6d474582d0456c095285ac65c9",
    "ioBroker.acaad/src/services/IoBroker.Context.ts": "a9633f2c8aea02a8c3758ebc1f90db298584cfd9",
    "ioBroker.acaad/src/services/IoBroker.Logger.ts": "371afe0dca954865ed6738be68833c8108807f71",
    "ioBroker.acaad/tsconfig.json": "2657a2e385cce626289a461ea3374cc9be23d1ec"
  },
  "arguments": "heft build --clean "
}
